"1","Al","Amin","House 2 lane 9","amin@gamil.com","Comilla","Chittagong","1422","30"
"11","Amitav","Reza","House 2 lane 9","amitav@gamil.com","Dhaka","Dhaka","1236","18"
"6","Badul","Khan","House 3 lane 3","badul@gamil.com","Lalmonirhat","Rangpur","1256","35"
"4","MM","Faisal","House 6 lane 2","faisal@gamil.com","Moulvibazar","Sylhet","1006","25"
"2","Jabed","Hasan","House 1 lane 22","hasan@gamil.com","Gajipur","Dhaka","1236","40"
"8","Shah","Jamal","House 2 lane 8","jamal@gamil.com","Rajshahi","Rajshahi","1244","42"
"5","Kobir","Alom","House 9 lane 18","kobir@gamil.com","Habiganj","Sylhet","1000","18"
"7","Mizan","Khan","House 9 lane 16","mizan@gamil.com","Kurigram","Rangpur","1256","38"
"12","Nazim","Ullah","House 6 lane 2","nazim@gamil.com","Bhola","Borisal","7922","22"
"10","Rahat","Hasan","House 4 lane 18","Rahat@gamil.com","Netrokona","Mymenshingh","8522","26"
"3","Rashedul","Islam","House 8 lane 20","rashedul@gamil.com","Dhaka","Dhaka","1236","20"
"9","Sabbir","Sabat","House 10 lane 3","sabbirsabat@gamil.com","Madaripur","Dhaka","3255","24"
"13","Tanvir","Rifat","House 9 lane 18","tanvir@gamil.com","Kistia","Kulna","2599","26"
